first_name,last_name,dob,email,phone
Octavius,Hyde,1999-11-20T14:12:43-08:00,consectetuer.adipiscing@nulla.edu,+91-93694348437
Harrison,Ashley,1993-11-27T22:55:18-08:00,mauris.ipsum.porta@eratsemperrutrum.net,+91-92113812649
Constance,Rogers,2013-09-03T05:55:41-07:00,Sed.et.libero@dolorquam.edu,+91-57319523885
Stone,Hardy,1995-07-04T13:46:22-07:00,Mauris.vestibulum.neque@posuerecubilia.com,+91-18268498341
Madeline,Olsen,2018-01-23T06:35:14-08:00,tincidunt.pede@malesuada.net,+91-88646394995
Lareina,Kent,1992-06-01T22:18:49-07:00,metus@ipsum.edu,+91-86674169179
Owen,Huffman,2002-09-21T07:04:10-07:00,Vestibulum.ante@Maurisnondui.org,+91-75785658945
Moses,Irwin,1999-05-11T14:34:54-07:00,Lorem@parturient.ca,+91-17212288837
Ulric,Goodman,2006-02-19T23:24:53-08:00,at@tellus.ca,+91-21982857965
Amir,Salas,2008-02-05T17:21:50-08:00,dapibus.rutrum.justo@natoque.co.uk,+91-53318321812
Fletcher,Battle,2003-07-19T23:21:50-07:00,Nullam@magna.com,+91-21162483679
Calvin,Harmon,1991-10-16T16:06:00-07:00,facilisis.Suspendisse.commodo@nequeSed.com,+91-94382965287
Valentine,Riley,2018-07-27T21:56:05-07:00,eu.turpis.Nulla@ac.co.uk,+91-97728542591
Bernard,Taylor,2019-11-23T00:05:00-08:00,sem@ametluctusvulputate.co.uk,+91-81255994183
Bert,Nolan,2011-02-28T15:02:50-08:00,fringilla.Donec@Donec.co.uk,+91-76666714867
Drew,Copeland,2006-12-20T01:47:16-08:00,lectus@enim.ca,+91-39973259584
Azalia,Hood,1993-10-23T12:46:58-07:00,scelerisque@vitae.co.uk,+91-11423944428
Genevieve,Flores,1994-02-22T06:50:08-08:00,Suspendisse.aliquet.sem@Phasellusinfelis.com,+91-17389796834
Timothy,Mccarty,2021-06-11T15:30:40-07:00,sem.Nulla.interdum@Suspendisseseddolor.org,+91-34463558631
Tobias,Velez,2019-06-09T10:22:22-07:00,pede@Sednecmetus.com,+91-83745255228
Willa,Erickson,2012-09-14T03:18:21-07:00,et@ligulatortor.ca,+91-92437169117
Raven,Finley,2018-08-25T14:21:57-07:00,mus.Proin.vel@semvitaealiquam.org,+91-76281182584
Calista,Wade,1990-03-22T07:52:19-08:00,sapien@sollicitudinadipiscing.ca,+91-43568828639
Constance,Yates,2009-05-27T12:25:14-07:00,sem.eget.massa@etmalesuada.org,+91-76154556354
Ainsley,Vincent,1998-11-01T22:31:24-08:00,aliquet@Proindolor.net,+91-88211639589
Quinn,Curtis,2021-08-23T15:25:09-07:00,massa.lobortis@mieleifendegestas.edu,+91-98995524974
Benjamin,Bell,1995-09-20T15:21:08-07:00,nibh@lobortisquam.org,+91-57745678687
Ariel,Simmons,2001-09-30T10:00:36-07:00,ullamcorper.viverra@eusemPellentesque.com,+91-54682987962
Aaron,Holland,2012-12-16T13:07:50-08:00,eleifend@aliquetodio.net,+91-63362797817
Shad,Flowers,2001-08-15T22:51:20-07:00,Etiam.ligula@egestas.co.uk,+91-44861952845
Anastasia,Fuller,2022-03-24T17:19:26-07:00,placerat@diam.net,+91-73374869456
Alma,Strickland,2010-03-13T04:35:36-08:00,mauris.sit.amet@anteNunc.net,+91-29868821973
Laith,Baird,1994-05-20T12:07:48-07:00,Aenean.sed@gravida.net,+91-85934927431
Geraldine,Watts,2010-12-07T14:26:27-08:00,lacus.Nulla@leoVivamus.net,+91-22979228666
Zeus,Zimmerman,1990-10-16T09:00:41-07:00,sit@variusultrices.net,+91-12167845687
Meredith,Shepard,1991-12-24T08:42:35-08:00,Maecenas.iaculis@magnaUttincidunt.com,+91-14381318428
MacKenzie,Martin,2000-07-13T05:33:14-07:00,Fusce@blandit.ca,+91-52216327522
Quon,Patrick,2017-12-14T08:53:40-08:00,scelerisque@neque.net,+91-97533263172
Chava,Morgan,1995-09-22T23:12:27-07:00,natoque@tellus.ca,+91-24697779627
Keaton,Goodman,2009-03-05T06:48:48-08:00,Aliquam.erat@molestie.net,+91-77578962286
Yoshi,Bean,1990-09-05T16:01:42-07:00,mauris.a@dolorsit.ca,+91-53181853675
Rinah,Howard,2004-01-14T04:44:37-08:00,quis@neque.net,+91-42446892481
Brent,Mclaughlin,1991-08-12T01:12:51-07:00,montes.nascetur@lacusvariuset.edu,+91-78126386148
Kato,Walsh,2021-04-24T06:13:04-07:00,tellus.eu.augue@nisl.net,+91-66442437591
Tobias,Ellis,2011-08-22T11:05:02-07:00,fermentum.convallis.ligula@Aeneaneget.co.uk,+91-98166968419
Nicholas,Fry,2016-08-15T07:30:27-07:00,Nunc@velquamdignissim.org,+91-46129662327
Xantha,Durham,2011-11-20T20:55:58-08:00,dolor@duiFuscediam.com,+91-69751681117
Dawn,Gates,1993-07-27T11:56:36-07:00,diam@aliquetmolestie.edu,+91-25344342222
Hollee,Stokes,2000-01-25T15:00:05-08:00,Fusce@enimcondimentumeget.edu,+91-34397834282
Harding,Gamble,2013-12-27T00:15:54-08:00,egestas.Fusce.aliquet@augue.co.uk,+91-88529735362
Emery,Bentley,1996-02-15T15:42:39-08:00,adipiscing.fringilla@atpretiumaliquet.co.uk,+91-59417835688
Ginger,Cobb,2011-02-18T10:41:30-08:00,Curabitur.dictum@eu.edu,+91-95622478991
Hu,Snow,2008-07-29T22:03:13-07:00,Pellentesque@Nullamvelit.org,+91-81216929845
Grace,Newton,1990-08-23T06:14:55-07:00,Vivamus@sitamet.ca,+91-23422681623
Adele,Knapp,1995-11-11T03:40:51-08:00,sem@ligulaconsectetuer.org,+91-47321265992
Blaze,Aguirre,2012-09-24T08:06:48-07:00,purus@Integer.com,+91-85482932389
Maite,Parker,1994-11-22T13:40:53-08:00,a.facilisis.non@orcitinciduntadipiscing.net,+91-24165862883
Amela,Santos,1990-01-13T05:57:13-08:00,enim.non.nisi@tellus.co.uk,+91-94443277642
Cooper,Howard,2001-09-24T20:04:45-07:00,nonummy.ipsum@fringillaest.co.uk,+91-67779264981
Dorian,Espinoza,2002-11-18T16:14:28-08:00,a@Loremipsum.edu,+91-29925397472
Kirk,Bell,2018-01-11T18:54:16-08:00,convallis@ligulaeu.edu,+91-85666532984
Imani,Fuller,2013-01-23T07:58:41-08:00,Mauris.ut.quam@ornare.ca,+91-93526328997
Oscar,Conley,2012-07-06T08:16:31-07:00,ligula.Nullam.feugiat@Proineget.com,+91-52292798184
Kasper,Dodson,2012-05-14T08:30:09-07:00,commodo.auctor.velit@Lorem.co.uk,+91-45237739626
Jamal,Haynes,2013-05-04T11:49:03-07:00,volutpat@mieleifend.org,+91-38563824726
Phillip,Washington,2019-12-01T20:57:45-08:00,Pellentesque@Donecluctus.org,+91-45711956833
Colby,Buckner,2013-02-08T11:22:51-08:00,eu.tempor@et.net,+91-72354553315
Jessamine,Merrill,2018-08-14T14:15:54-07:00,Etiam@cursusluctusipsum.com,+91-48723791856
Phoebe,Dudley,2016-10-09T21:41:49-07:00,eros.Nam.consequat@vulputate.org,+91-83293159384
Fleur,Humphrey,2002-05-24T00:52:48-07:00,lobortis.nisi@sagittis.com,+91-84414394226
Marsden,Meadows,2004-11-21T23:52:10-08:00,ut@tempusnonlacinia.org,+91-55237626613
Quentin,Tyson,2010-12-02T11:11:20-08:00,Aliquam.gravida@egestasSed.net,+91-71541352132
Dean,Serrano,2001-07-15T14:20:55-07:00,Nulla.facilisi.Sed@liberolacusvarius.net,+91-76269226696
Lacey,Moon,2008-04-01T08:00:36-07:00,Duis.mi@Etiam.co.uk,+91-49627652165
Kaseem,Haley,2012-10-19T12:15:55-07:00,mus.Donec@morbitristique.co.uk,+91-32265411591
Maia,Frank,1990-12-09T05:50:12-08:00,eget.dictum@egetipsum.edu,+91-63258882129
Sybill,Johnson,1992-12-13T05:41:43-08:00,iaculis@volutpatNullafacilisis.com,+91-69493553352
Bruno,Lowe,2012-03-15T02:03:22-07:00,sit@tellusfaucibusleo.org,+91-11125781596
Brenden,Walter,2012-04-19T23:42:28-07:00,quis@IntegerurnaVivamus.edu,+91-77137858734
Hyatt,Ellis,2020-02-12T10:34:28-08:00,leo.Morbi@necmalesuadaut.co.uk,+91-84626461466
Audrey,Gilliam,2009-11-27T10:22:11-08:00,et.nunc.Quisque@egestasligula.edu,+91-82572374449
Scarlett,Henderson,2001-07-20T19:00:45-07:00,hendrerit@natoquepenatibuset.ca,+91-22724317848
Olympia,Simpson,2001-10-06T19:25:50-07:00,natoque.penatibus@rhoncusDonec.co.uk,+91-47453696618
Lance,Gutierrez,1998-07-26T00:19:10-07:00,volutpat@sitametrisus.com,+91-64458915526
Lyle,Briggs,2012-08-01T19:45:47-07:00,sed@risusodioauctor.org,+91-89775391622
Sonia,Newman,2019-08-17T06:24:22-07:00,dolor@porttitor.ca,+91-17817425575
Amber,Alford,2017-12-21T08:21:15-08:00,consectetuer.rhoncus.Nullam@amet.co.uk,+91-24198375797
Patience,Jennings,2007-10-17T06:39:36-07:00,Morbi.vehicula@fringillaDonecfeugiat.net,+91-57971486732
Jamalia,Simon,2001-07-27T19:52:25-07:00,orci@sodalesatvelit.org,+91-72268986173
Lavinia,Fischer,1990-01-10T18:05:55-08:00,mi.ac.mattis@Donecestmauris.edu,+91-71122338169
Gemma,Riddle,2016-03-03T14:18:11-08:00,gravida.molestie@natoque.net,+91-54697471147
Flynn,Vinson,2012-08-05T21:11:51-07:00,Sed.eu.nibh@liberoDonecconsectetuer.org,+91-79389539192
Garrison,Kelley,1992-05-26T19:55:06-07:00,ac.mattis@cursus.org,+91-85595777786
Rogan,Reilly,2014-07-31T14:26:51-07:00,tempus@mollislectus.org,+91-89917643149
Tatum,Turner,1998-08-24T04:42:58-07:00,ipsum@Crassedleo.edu,+91-81456798356
Hiram,Harmon,2004-04-28T23:32:53-07:00,cursus.et@metus.net,+91-57397574675
Rogan,Mccarty,1994-09-17T01:32:52-07:00,nec.quam.Curabitur@porttitorvulputate.org,+91-78967249334
Shelly,Norton,2005-02-25T19:24:43-08:00,nisl.arcu.iaculis@sitamet.edu,+91-46615636758
Sopoline,Holt,2005-12-04T09:19:47-08:00,Aenean@augueSed.com,+91-69896388755
Rylee,Britt,2004-07-21T07:59:04-07:00,amet.luctus.vulputate@purusMaecenas.net,+91-18988191186
